{
  "info": {
    "name": "Mixtli Uploads (multipart)",
    "_postman_id": "e1111111-2222-3333-4444-555555555555",
    "schema": "https://schema.getpostman.com/json/collection/v2.1.0/collection.json"
  },
  "variable": [
    {
      "key": "baseUrl",
      "value": "http://localhost:10000"
    },
    {
      "key": "filename",
      "value": "video.mp4"
    },
    {
      "key": "contentType",
      "value": "video/mp4"
    },
    {
      "key": "uploadId",
      "value": ""
    },
    {
      "key": "key",
      "value": ""
    },
    {
      "key": "partNumber",
      "value": "1"
    }
  ],
  "item": [
    {
      "name": "Init multipart",
      "event": [
        {
          "listen": "test",
          "script": {
            "type": "text/javascript",
            "exec": [
              "const json = pm.response.json();",
              "pm.collectionVariables.set('uploadId', json.uploadId);",
              "pm.collectionVariables.set('key', json.key);",
              "console.log('uploadId/key guardados');"
            ]
          }
        }
      ],
      "request": {
        "method": "POST",
        "header": [
          {
            "key": "Content-Type",
            "value": "application/json"
          }
        ],
        "body": {
          "mode": "raw",
          "raw": "{\"filename\": \"{{filename}}\", \"contentType\": \"{{contentType}}\"}"
        },
        "url": {
          "raw": "{{baseUrl}}/api/uploads/multipart/init",
          "host": [
            "{{baseUrl}}"
          ],
          "path": [
            "api",
            "uploads",
            "multipart",
            "init"
          ]
        }
      }
    },
    {
      "name": "Sign part",
      "request": {
        "method": "GET",
        "url": {
          "raw": "{{baseUrl}}/api/uploads/multipart/sign-part?key={{key}}&uploadId={{uploadId}}&partNumber={{partNumber}}",
          "host": [
            "{{baseUrl}}"
          ],
          "path": [
            "api",
            "uploads",
            "multipart",
            "sign-part"
          ],
          "query": [
            {
              "key": "key",
              "value": "{{key}}"
            },
            {
              "key": "uploadId",
              "value": "{{uploadId}}"
            },
            {
              "key": "partNumber",
              "value": "{{partNumber}}"
            }
          ]
        }
      }
    },
    {
      "name": "Complete multipart",
      "request": {
        "method": "POST",
        "header": [
          {
            "key": "Content-Type",
            "value": "application/json"
          }
        ],
        "body": {
          "mode": "raw",
          "raw": "{\"key\": \"{{key}}\", \"uploadId\": \"{{uploadId}}\", \"parts\": [{\"ETag\": \"<etag>\", \"PartNumber\": 1}]}"
        },
        "url": {
          "raw": "{{baseUrl}}/api/uploads/multipart/complete",
          "host": [
            "{{baseUrl}}"
          ],
          "path": [
            "api",
            "uploads",
            "multipart",
            "complete"
          ]
        }
      }
    }
  ]
}