{
  "info": {
    "name": "Mixtli Pro API",
    "_postman_id": "d6fcf2a0-0000-0000-0000-000000000001",
    "description": "Colección para Mixtli Pro API (CRUD usuarios + salud). Usa variables.",
    "schema": "https://schema.getpostman.com/json/collection/v2.1.0/collection.json"
  },
  "item": [
    {
      "name": "Salud",
      "request": {
        "method": "GET",
        "header": [],
        "url": {
          "raw": "{{baseUrl}}/salud",
          "host": [
            "{{baseUrl}}"
          ],
          "path": [
            "salud"
          ]
        }
      }
    },
    {
      "name": "Listar usuarios",
      "request": {
        "method": "GET",
        "header": [
          {
            "key": "Content-Type",
            "value": "application/json"
          }
        ],
        "url": {
          "raw": "{{baseUrl}}/api/users",
          "host": [
            "{{baseUrl}}"
          ],
          "path": [
            "api",
            "users"
          ]
        }
      }
    },
    {
      "name": "Crear usuario",
      "event": [
        {
          "listen": "test",
          "script": {
            "exec": [
              "let json = {};",
              "try { json = pm.response.json(); } catch (e) {}",
              "if (json && json.id) {",
              "  pm.collectionVariables.set('userId', String(json.id));",
              "  console.log('userId guardado:', json.id);",
              "}"
            ],
            "type": "text/javascript"
          }
        }
      ],
      "request": {
        "method": "POST",
        "header": [
          {
            "key": "Content-Type",
            "value": "application/json"
          }
        ],
        "body": {
          "mode": "raw",
          "raw": "{\"email\": \"andres@test.com\", \"password\": \"123456\", \"nombre\": \"Andr\\u00e9s\"}"
        },
        "url": {
          "raw": "{{baseUrl}}/api/users",
          "host": [
            "{{baseUrl}}"
          ],
          "path": [
            "api",
            "users"
          ]
        }
      }
    },
    {
      "name": "Ver usuario por ID",
      "request": {
        "method": "GET",
        "header": [],
        "url": {
          "raw": "{{baseUrl}}/api/users/{{userId}}",
          "host": [
            "{{baseUrl}}"
          ],
          "path": [
            "api",
            "users",
            "{{userId}}"
          ]
        }
      }
    },
    {
      "name": "Actualizar usuario",
      "request": {
        "method": "PUT",
        "header": [
          {
            "key": "Content-Type",
            "value": "application/json"
          }
        ],
        "body": {
          "mode": "raw",
          "raw": "{\"email\": \"nuevo@test.com\"}"
        },
        "url": {
          "raw": "{{baseUrl}}/api/users/{{userId}}",
          "host": [
            "{{baseUrl}}"
          ],
          "path": [
            "api",
            "users",
            "{{userId}}"
          ]
        }
      }
    },
    {
      "name": "Eliminar usuario",
      "request": {
        "method": "DELETE",
        "header": [],
        "url": {
          "raw": "{{baseUrl}}/api/users/{{userId}}",
          "host": [
            "{{baseUrl}}"
          ],
          "path": [
            "api",
            "users",
            "{{userId}}"
          ]
        }
      }
    }
  ],
  "variable": [
    {
      "key": "baseUrl",
      "value": "https://mixtli-pro.onrender.com"
    },
    {
      "key": "userId",
      "value": "1"
    }
  ]
}